{"cameraMode":{"drawMode":0,"name":"Shaded","section":"Shading Mode"},"sceneLighting":true,"audioPlay":false,"sceneViewState":{"m_AlwaysRefresh":false,"showFog":true,"showSkybox":false,"showFlares":true,"showImageEffects":true,"showParticleSystems":true,"showVisualEffectGraphs":true,"m_FxEnabled":true},"in2DMode":false,"pivot":{"x":0.10376095771789551,"y":1.1827633380889893,"z":-22.871143341064454},"rotation":{"x":0.5261275172233582,"y":0.0540393628180027,"z":-0.03349538892507553,"w":0.8479961156845093},"size":3.4510722160339357,"orthographic":false}