{"cameraMode":{"drawMode":0,"name":"Shaded","section":"Shading Mode"},"sceneLighting":true,"audioPlay":false,"sceneViewState":{"m_AlwaysRefresh":false,"showFog":true,"showSkybox":false,"showFlares":true,"showImageEffects":true,"showParticleSystems":true,"showVisualEffectGraphs":true,"m_FxEnabled":true},"in2DMode":false,"pivot":{"x":0.1828252077102661,"y":1.2055268287658692,"z":-13.51661491394043},"rotation":{"x":-0.020272327587008477,"y":-0.901881754398346,"z":0.4293433725833893,"w":-0.04247172176837921},"size":2.2076175212860109,"orthographic":false}