{"cameraMode":{"drawMode":0,"name":"Shaded","section":"Shading Mode"},"sceneLighting":true,"audioPlay":false,"sceneViewState":{"m_AlwaysRefresh":false,"showFog":true,"showSkybox":true,"showFlares":true,"showImageEffects":true,"showParticleSystems":true,"showVisualEffectGraphs":true,"m_FxEnabled":true},"in2DMode":false,"pivot":{"x":0.7520000338554382,"y":0.9070000052452087,"z":3.7900002002716066},"rotation":{"x":0.00046061116154305637,"y":0.9994059205055237,"z":-0.01230053324252367,"w":0.03084936924278736},"size":6.64962911605835,"orthographic":false}