{"cameraMode":{"drawMode":0,"name":"Shaded","section":"Shading Mode"},"sceneLighting":true,"audioPlay":false,"sceneViewState":{"m_AlwaysRefresh":false,"showFog":true,"showSkybox":true,"showFlares":true,"showImageEffects":true,"showParticleSystems":true,"showVisualEffectGraphs":true,"m_FxEnabled":true},"in2DMode":false,"pivot":{"x":0.10559996962547302,"y":0.6123324036598206,"z":1.8235094547271729},"rotation":{"x":0.044862050563097,"y":0.9549077153205872,"z":-0.1963517963886261,"w":0.21789990365505219},"size":2.3425164222717287,"orthographic":false}