{"cameraMode":{"drawMode":0,"name":"Shaded","section":"Shading Mode"},"sceneLighting":true,"audioPlay":false,"sceneViewState":{"m_AlwaysRefresh":false,"showFog":true,"showSkybox":false,"showFlares":true,"showImageEffects":true,"showParticleSystems":true,"showVisualEffectGraphs":true,"m_FxEnabled":true},"in2DMode":false,"pivot":{"x":0.10376095771789551,"y":1.1827633380889893,"z":-32.87114715576172},"rotation":{"x":0.4966118335723877,"y":0.05386390537023544,"z":-0.030866865068674089,"w":0.8657212257385254},"size":3.451072931289673,"orthographic":false}