{"cameraMode":{"drawMode":0,"name":"Shaded","section":"Shading Mode"},"sceneLighting":true,"audioPlay":false,"sceneViewState":{"m_AlwaysRefresh":false,"showFog":true,"showSkybox":true,"showFlares":true,"showImageEffects":true,"showParticleSystems":true,"showVisualEffectGraphs":true,"m_FxEnabled":true},"in2DMode":false,"pivot":{"x":60.42093276977539,"y":11.29289436340332,"z":119.41932678222656},"rotation":{"x":-0.0236139465123415,"y":0.9636868834495544,"z":0.09104009717702866,"w":0.24997437000274659},"size":2.1813971996307375,"orthographic":false}