{"cameraMode":{"drawMode":0,"name":"Shaded","section":"Shading Mode"},"sceneLighting":true,"audioPlay":false,"sceneViewState":{"m_AlwaysRefresh":false,"showFog":true,"showSkybox":true,"showFlares":true,"showImageEffects":true,"showParticleSystems":true,"showVisualEffectGraphs":true,"m_FxEnabled":true},"in2DMode":false,"pivot":{"x":60.3508415222168,"y":11.149520874023438,"z":117.18203735351563},"rotation":{"x":0.04065684601664543,"y":0.9583311676979065,"z":-0.22116433084011079,"w":0.1761706918478012},"size":13.068750381469727,"orthographic":false}