{"cameraMode":{"drawMode":0,"name":"Shaded","section":"Shading Mode"},"sceneLighting":true,"audioPlay":false,"sceneViewState":{"m_AlwaysRefresh":false,"showFog":true,"showSkybox":true,"showFlares":true,"showImageEffects":true,"showParticleSystems":true,"showVisualEffectGraphs":true,"m_FxEnabled":true},"in2DMode":false,"pivot":{"x":1.1128871440887452,"y":1.4180822372436524,"z":-7.3179731369018559},"rotation":{"x":-0.10653264820575714,"y":0.03638165816664696,"z":-0.0039076609537005428,"w":-0.9936139583587647},"size":1.2734061479568482,"orthographic":false}