{"cameraMode":{"drawMode":0,"name":"Shaded","section":"Shading Mode"},"sceneLighting":true,"audioPlay":false,"sceneViewState":{"m_AlwaysRefresh":false,"showFog":true,"showSkybox":true,"showFlares":true,"showImageEffects":true,"showParticleSystems":true,"showVisualEffectGraphs":true,"m_FxEnabled":true},"in2DMode":false,"pivot":{"x":1.101489782333374,"y":0.9858320951461792,"z":-8.63977336883545},"rotation":{"x":0.03180043399333954,"y":-0.014682544395327568,"z":0.0004636217490769923,"w":0.9993651509284973},"size":0.37926140427589419,"orthographic":false}