{"cameraMode":{"drawMode":0,"name":"Shaded","section":"Shading Mode"},"sceneLighting":true,"audioPlay":false,"sceneViewState":{"m_AlwaysRefresh":false,"showFog":true,"showSkybox":true,"showFlares":true,"showImageEffects":true,"showParticleSystems":true,"showVisualEffectGraphs":true,"m_FxEnabled":true},"in2DMode":false,"pivot":{"x":1.8222662210464478,"y":4.4847307205200199,"z":13.885322570800782},"rotation":{"x":0.056659799069166186,"y":-0.005394392181187868,"z":-0.0003061910974793136,"w":-0.9983813166618347},"size":10.834092140197754,"orthographic":false}