{"cameraMode":{"drawMode":0,"name":"Shaded","section":"Shading Mode"},"sceneLighting":true,"audioPlay":false,"sceneViewState":{"m_AlwaysRefresh":false,"showFog":true,"showSkybox":true,"showFlares":true,"showImageEffects":true,"showParticleSystems":true,"showVisualEffectGraphs":true,"m_FxEnabled":false},"in2DMode":false,"pivot":{"x":0.07599999755620957,"y":1.0119999647140504,"z":13.382800102233887},"rotation":{"x":0.02945336140692234,"y":-0.9704963564872742,"z":0.16790254414081574,"w":0.17035841941833497},"size":0.39371955394744875,"orthographic":false}